entryDateTimeEst,exitDateTimeEst,lastCheckedDateTimeUtc,leverage,symbol,timeframe,entryType,tp1Pct,tp1Price,tp1DateTimeEst,tp2Pct,tp2Price,tp2DateTimeEst,tp3Pct,tp3Price,tp3DateTimeEst,slPct,slDateTimeEst,slPrice,tradeDurationStr,statusTrade,entryPrice,exitPrice,openTrades,amtTradeStart,amtTrade,amtProfit,amtProfitMaxPct,amtProfitMinPct,amtProfitMaxDateTimeUtc,amtProfitMinDateTimeUtc,isClosed
2023-10-11 15:00:00,2023-10-27 14:00:00,2023-10-27 19:00:00,1,LLY,1h,long,0.025,620.34025,2023-10-13 08:45:00,0.05,635.4705,,0.07500000000000001,650.6007500000001,,-0.07500000000000001,2023-10-27 14:00:00,559.81925,15d 23h 0m,win,605.21,559.81925,1,1000.0,13.333333333333334,0.33333333333333337,0.040911419176814644,-0.0802529700434561,2023-10-13 13:45:00,2023-10-27 19:00:00,True
2023-10-19 15:00:00,2023-11-02 08:45:00,2023-11-02 13:45:00,1,ABNB,1h,short,0.025,116.96099999999998,2023-10-20 14:00:00,0.05,113.96199999999999,2023-10-27 09:00:00,0.07500000000000001,110.963,,0.0,2023-11-02 08:45:00,119.96,13d 17h 45m,win,119.96,119.96,4,1000.0,13.333333333333332,0.3333333333333333,0.05801933977992659,-0.026758919639880027,2023-11-01 20:15:00,2023-10-24 15:00:00,True
2023-10-20 15:00:00,2023-10-30 10:30:00,2023-10-30 15:30:00,1,ALB,1h,short,0.025,135.16424999999998,2023-10-23 08:45:00,0.05,131.6985,2023-10-30 09:00:00,0.07500000000000001,128.23275,2023-10-30 10:30:00,0.0,,138.63,9d 19h 30m,win,138.63,128.23275,5,1000.0,13.33333333333333,0.33333333333333326,0.07660679506600307,-0.022866623385991602,2023-10-30 15:30:00,2023-10-24 14:00:00,True
2023-10-11 15:00:00,2023-10-25 08:45:00,2023-10-25 13:45:00,1,META,1h,long,0.025,336.04625,,0.05,344.24250000000006,,0.07500000000000001,352.43875,,-0.07500000000000001,2023-10-25 08:45:00,303.26125,13d 17h 45m,loss,327.85,303.26125,2,1000.0,13.333333333333332,-1.0,0.00820497178587768,-0.07945706878145496,2023-10-12 14:30:00,2023-10-25 13:45:00,True
2023-10-25 15:00:00,2023-11-14 09:45:00,2023-11-14 14:45:00,1,GOOG,1h,short,0.025,123.50325,2023-10-26 08:45:00,0.05,120.3365,,0.07500000000000001,117.16975000000001,,-0.07500000000000001,2023-11-14 09:45:00,136.17025,19d 18h 45m,win,126.67,136.17025,8,999.0,13.319047619047616,0.3329761904761904,0.04113049656587991,-0.07720849451330218,2023-10-27 14:00:00,2023-11-14 14:45:00,True
2023-10-25 15:00:00,2023-11-14 10:15:00,2023-11-14 15:15:00,1,GOOGL,1h,short,0.025,122.48925,2023-10-26 08:45:00,0.05,119.34849999999999,,0.07500000000000001,116.20775,,-0.07500000000000001,2023-11-14 10:15:00,135.05225,19d 19h 15m,win,125.63,135.05225,9,999.0,13.319047619047616,0.3329761904761904,0.04317678898352306,-0.08015601369099733,2023-10-27 14:00:00,2023-11-14 15:15:00,True
2023-10-25 15:00:00,2023-10-30 08:45:00,2023-10-30 13:45:00,1,AMZN,1h,short,0.025,118.36500000000001,2023-10-26 09:15:00,0.05,115.33,,0.07500000000000001,112.29500000000002,,-0.07500000000000001,2023-10-30 08:45:00,130.505,4d 17h 45m,win,121.4,130.505,6,999.0,13.319047619047616,0.3329761904761904,0.02512355848434935,-0.08443163097199341,2023-10-26 14:15:00,2023-10-30 13:45:00,True
2023-10-23 15:00:00,2024-01-09 09:45:00,2024-01-09 14:45:00,1,JNJ,1h,short,0.025,147.58575,2023-10-27 08:45:00,0.05,143.8015,,0.07500000000000001,140.01725000000002,,-0.07500000000000001,2024-01-09 09:45:00,162.72275,77d 18h 45m,win,151.37,162.72275,6,1000.0,13.33333333333333,0.33333333333333326,0.042412631300786256,-0.07755830085221647,2023-10-27 19:30:00,2024-01-09 14:45:00,True
2023-10-25 15:00:00,2023-10-27 14:30:00,2023-10-27 19:30:00,1,CVX,1h,short,0.025,151.983,2023-10-27 08:45:00,0.05,148.08599999999998,2023-10-27 08:45:00,0.07500000000000001,144.189,2023-10-27 14:30:00,0.0,,155.88,1d 23h 30m,win,155.88,144.189,7,999.0,13.319047619047616,0.3329761904761904,0.07646907877854753,-6.415191172691112e-05,2023-10-27 19:30:00,2023-10-25 20:15:00,True
2023-11-01 15:00:00,2023-11-14 10:00:00,2023-11-14 15:00:00,1,NFLX,1h,long,0.025,430.69474999999994,2023-11-03 09:45:00,0.05,441.1995,2023-11-10 10:00:00,0.07500000000000001,451.70425,2023-11-14 10:00:00,0.0,,420.19,12d 19h 0m,win,420.19,451.70425,11,1000.3326190476191,13.338915741669803,0.3334728935417451,0.07684618862895362,-0.00602108569932643,2023-11-14 15:00:00,2023-11-02 14:15:00,True
2023-11-01 15:00:00,2023-11-16 09:45:00,2023-11-16 14:45:00,1,MSFT,1h,long,0.025,354.72175,2023-11-06 09:45:00,0.05,363.37350000000004,2023-11-08 09:45:00,0.07500000000000001,372.02524999999997,2023-11-16 09:45:00,0.0,,346.07,14d 18h 45m,win,346.07,372.02524999999997,10,1000.3326190476191,13.338915741669803,0.3334728935417451,0.07929031698789261,-0.0037564654549657912,2023-11-16 14:45:00,2023-11-02 14:00:00,True
2023-11-01 15:00:00,2023-11-15 09:45:00,2023-11-15 14:45:00,1,AMZN,1h,long,0.025,140.43524999999997,2023-11-06 10:00:00,0.05,143.8605,2023-11-14 10:00:00,0.07500000000000001,147.28574999999998,2023-11-15 09:45:00,0.0,,137.01,13d 18h 45m,win,137.01,147.28574999999998,9,1000.3326190476191,13.338915741669801,0.33347289354174503,0.0750310196336034,-0.003941318151959653,2023-11-15 14:45:00,2023-11-02 14:15:00,True
2023-10-31 15:00:00,2023-11-06 14:45:00,2023-11-06 19:45:00,1,LLY,1h,short,0.025,539.86725,,0.05,526.0245,,0.07500000000000001,512.1817500000001,,-0.07500000000000001,2023-11-06 14:45:00,595.23825,5d 23h 45m,loss,553.71,595.23825,8,1000.3326190476191,13.338915741669801,-1.0004186806252353,0.004424698849578381,-0.07530584602047997,2023-11-01 13:45:00,2023-11-06 19:45:00,True
2023-11-06 16:00:00,2023-11-14 10:30:00,2023-11-14 15:30:00,1,ALB,1h,short,0.025,116.52225,2023-11-09 10:45:00,0.05,113.5345,2023-11-10 09:45:00,0.07500000000000001,110.54675,,0.0,2023-11-14 10:30:00,119.51,7d 18h 30m,win,119.51,119.51,10,999.6655337003273,13.328723805978465,0.33321809514946166,0.06283992971299476,-0.03254957744121831,2023-11-13 15:45:00,2023-11-08 14:45:00,True
2023-10-26 15:00:00,2023-11-15 16:15:00,2023-11-15 21:15:00,1,CSCO,1h,short,0.025,50.08575,2023-11-15 16:15:00,0.05,48.8015,2023-11-15 16:15:00,0.07500000000000001,47.51725,2023-11-15 16:15:00,0.0,,51.37,20d 1h 15m,win,51.37,47.51725,10,999.0,13.319047619047614,0.33297619047619037,0.12984232042047877,-0.04146388942962824,2023-11-15 21:15:00,2023-11-15 21:15:00,True
2023-10-27 15:00:00,2024-02-09 09:45:00,2024-02-09 14:45:00,1,CVX,1h,short,0.025,140.80949999999999,2023-11-16 12:15:00,0.05,137.19899999999998,,0.07500000000000001,133.58849999999998,,-0.07500000000000001,2024-02-09 09:45:00,155.2515,104d 18h 45m,win,144.42,155.2515,9,999.6663095238096,13.329205756929635,0.3332301439232409,0.033236393851267025,-0.07547431103725251,2024-01-18 16:15:00,2024-02-09 14:45:00,True
2023-11-15 15:00:00,2023-12-20 10:00:00,2023-12-20 15:00:00,1,NFLX,1h,long,0.025,473.67299999999994,2023-11-20 12:15:00,0.05,485.226,2023-12-18 10:00:00,0.07500000000000001,496.779,2023-12-20 10:00:00,0.0,,462.12,34d 19h 0m,win,462.12,496.779,10,1001.3316499635126,13.35338503033495,0.33383462575837375,0.07688479182896212,-0.03546697827404134,2023-12-20 15:00:00,2023-12-06 21:00:00,True
2023-11-14 15:00:00,2023-11-30 09:45:00,2023-11-30 14:45:00,1,CRM,1h,long,0.025,225.9715,2023-11-20 15:45:00,0.05,231.483,2023-11-29 12:45:00,0.07500000000000001,236.9945,2023-11-30 09:45:00,0.0,,220.46,15d 18h 45m,win,220.46,236.9945,10,1000.9981770699709,13.348477282567618,0.3337119320641905,0.14533248661888773,-0.01270071668329861,2023-11-30 14:45:00,2023-11-15 18:30:00,True
2023-11-14 15:00:00,2024-01-02 09:45:00,2024-01-02 14:45:00,1,AAPL,1h,long,0.025,192.602625,2023-11-22 09:45:00,0.05,197.30025,2023-12-13 14:30:00,0.07500000000000001,201.997875,,0.0,2024-01-02 09:45:00,187.905,48d 18h 45m,win,187.905,187.905,9,1000.9981770699709,13.348477282567618,0.3337119320641905,0.06234533407839069,-0.0098187914105532,2023-12-14 14:45:00,2024-01-02 14:45:00,True
2023-11-16 15:00:00,2023-12-08 09:45:00,2023-12-08 14:45:00,1,AMD,1h,long,0.025,122.88714749999998,2023-11-22 09:45:00,0.05,125.884395,2023-12-07 11:15:00,0.07500000000000001,128.8816425,2023-12-08 09:45:00,0.0,,119.8899,21d 18h 45m,win,119.8899,128.8816425,10,1001.9980990475306,13.362743248275336,0.33406858120688343,0.08432820446092626,-0.02935943728370774,2023-12-08 14:45:00,2023-12-04 16:15:00,True
2023-11-17 16:00:00,2024-01-04 09:45:00,2024-01-04 14:45:00,1,AMZN,1h,long,0.025,148.80949999999999,2023-11-27 10:00:00,0.05,152.43900000000002,2023-12-18 10:00:00,0.07500000000000001,156.0685,,0.0,2024-01-04 09:45:00,145.18,47d 17h 45m,win,145.18,145.18,16,1001.9980990475306,13.362743248275333,0.3340685812068833,0.07197961151673776,-0.025347844055655093,2023-12-20 16:00:00,2023-11-21 15:30:00,True
2023-11-15 15:00:00,2023-12-27 09:45:00,2023-12-27 14:45:00,1,TSLA,1h,long,0.025,249.9871475,2023-11-29 09:45:00,0.05,256.08439500000003,2023-12-18 10:00:00,0.07500000000000001,262.1816425,2023-12-27 09:45:00,0.0,,243.8899,41d 18h 45m,win,243.8899,262.1816425,11,1001.3316499635126,13.35338503033495,0.33383462575837375,0.07569030123838671,-0.07113824721728952,2023-12-27 14:45:00,2023-11-17 15:00:00,True
2023-11-09 16:00:00,2023-12-07 12:15:00,2023-12-07 17:15:00,1,OXY,1h,short,0.025,59.070375,2023-11-30 11:45:00,0.05,57.555749999999996,2023-12-05 10:45:00,0.07500000000000001,56.041125,2023-12-07 12:15:00,0.0,,60.585,27d 20h 15m,win,60.585,56.041125,12,999.6655337003273,13.328723805978465,0.33321809514946166,0.07551374102500624,-0.026986877940084145,2023-12-07 17:15:00,2023-11-15 16:00:00,True
2023-10-13 15:00:00,2024-01-18 09:45:00,2024-01-18 14:45:00,1,UNH,1h,long,0.025,552.7517499999999,2023-11-30 15:45:00,0.05,566.2335,,0.07500000000000001,579.71525,,-0.07500000000000001,2024-01-18 09:45:00,498.82475,96d 18h 45m,win,539.27,498.82475,3,1000.0,13.333333333333332,0.3333333333333333,0.02861275427893275,-0.07753073599495615,2023-12-01 14:45:00,2024-01-18 14:45:00,True
2023-11-21 15:00:00,2023-12-14 09:45:00,2023-12-14 14:45:00,1,UNP,1h,long,0.025,228.02149999999997,2023-12-01 09:45:00,0.05,233.58300000000003,2023-12-04 10:15:00,0.07500000000000001,239.1445,2023-12-14 09:45:00,0.0,,222.46,22d 18h 45m,win,222.46,239.1445,17,1001.9980990475306,13.362743248275333,0.3340685812068833,0.09381461835835657,-0.0138901375528185,2023-12-14 14:45:00,2023-11-27 20:45:00,True
2023-11-30 15:00:00,2023-12-04 10:45:00,2023-12-04 15:45:00,1,CRM,1h,long,0.025,256.9675,2023-12-01 10:30:00,0.05,263.235,2023-12-01 13:00:00,0.07500000000000001,269.5025,,0.0,2023-12-04 10:45:00,250.7,3d 19h 45m,win,250.7,250.7,19,1002.3318109795947,13.368347563474567,0.3342086890868642,0.05077782209812533,-0.008496210610291167,2023-12-01 18:00:00,2023-11-30 20:30:00,True
2023-11-22 15:00:00,2023-12-12 09:45:00,2023-12-12 14:45:00,1,HD,1h,long,0.025,316.74549999999994,2023-12-01 11:15:00,0.05,324.471,2023-12-04 10:15:00,0.07500000000000001,332.19649999999996,2023-12-12 09:45:00,0.0,,309.02,19d 18h 45m,win,309.02,332.19649999999996,18,1001.9980990475306,13.362743248275331,0.3340685812068833,0.07724419131447804,-0.002297585916769075,2023-12-12 14:45:00,2023-11-24 14:45:00,True
2023-11-22 16:00:00,2023-12-07 09:45:00,2023-12-07 14:45:00,1,ABNB,1h,long,0.025,132.266,2023-12-01 12:00:00,0.05,135.492,2023-12-04 10:00:00,0.07500000000000001,138.718,2023-12-07 09:45:00,0.0,,129.04,14d 17h 45m,win,129.04,138.718,19,1001.9980990475306,13.362743248275331,0.3340685812068833,0.08175759454432743,-0.03064941103533787,2023-12-07 14:45:00,2023-11-30 19:00:00,True
2023-11-16 16:00:00,2023-12-04 09:45:00,2023-12-04 14:45:00,1,NVDA,1h,long,0.025,507.25199999999995,,0.05,519.624,,0.07500000000000001,531.996,,-0.07500000000000001,2023-12-04 09:45:00,457.764,17d 17h 45m,loss,494.88,457.764,14,1001.9980990475306,13.362743248275333,-1.0022057436206502,0.021419333979954783,-0.0814943016488846,2023-11-20 20:15:00,2023-12-04 14:45:00,True
2023-11-08 16:00:00,2023-12-18 09:45:00,2023-12-18 14:45:00,1,XOM,1h,short,0.025,100.35675,2023-12-05 16:00:00,0.05,97.7835,2023-12-12 13:00:00,0.07500000000000001,95.21025000000002,,0.0,2023-12-18 09:45:00,102.93,39d 17h 45m,win,102.93,102.93,11,999.6655337003273,13.328723805978465,0.33321809514946166,0.05294860584863502,-0.028660254541921584,2023-12-12 18:15:00,2023-11-20 15:00:00,True
2023-12-05 16:00:00,2023-12-06 10:15:00,2023-12-06 15:15:00,1,ALB,1h,short,0.025,110.4285,,0.05,107.597,,0.07500000000000001,104.7655,,-0.07500000000000001,2023-12-06 10:15:00,121.75450000000001,0d 18h 15m,loss,113.26,121.75450000000001,19,1001.6638139250609,13.356529995584514,-1.0017397496688387,0.0,-0.0786685502383895,,2023-12-06 15:15:00,True
2023-12-01 15:00:00,2024-01-29 15:30:00,2024-01-29 20:30:00,1,WMT,1h,short,0.025,149.79899999999998,2023-12-11 10:15:00,0.05,145.95799999999997,,0.07500000000000001,142.117,,-0.07500000000000001,2024-01-29 15:30:00,165.16299999999998,59d 0h 30m,win,153.64,165.16299999999998,20,1002.3318109795947,13.368347563474567,0.3342086890868642,0.026685758916948677,-0.07657511064826879,2023-12-11 18:15:00,2024-01-29 20:30:00,True
2023-12-11 15:00:00,2023-12-27 10:15:00,2023-12-27 15:15:00,1,AMD,1h,long,0.025,137.801,2023-12-12 11:00:00,0.05,141.162,2023-12-14 10:00:00,0.07500000000000001,144.523,2023-12-27 10:15:00,0.0,,134.44,15d 19h 15m,win,134.44,144.523,17,1001.6634294329555,13.356560677029316,0.3339140169257329,0.07505206783695331,-0.012049985123475191,2023-12-27 15:15:00,2023-12-12 15:00:00,True
2023-12-12 15:00:00,2024-01-11 09:45:00,2024-01-11 14:45:00,1,HD,1h,long,0.025,342.42175,2023-12-13 15:15:00,0.05,350.7735,2023-12-14 10:00:00,0.07500000000000001,359.12525,2024-01-11 09:45:00,0.0,,334.07,29d 18h 45m,win,334.07,359.12525,18,1001.9974980141624,13.36232764571496,0.334058191142874,0.08061184781632594,-0.006465710779177921,2024-01-11 14:45:00,2023-12-13 17:15:00,True
2023-12-13 16:00:00,2024-01-02 10:00:00,2024-01-02 15:00:00,1,ABNB,1h,long,0.025,148.16375,2023-12-14 10:00:00,0.05,151.77750000000003,,0.07500000000000001,155.39125,,-0.07500000000000001,2024-01-02 10:00:00,133.70875,19d 18h 0m,win,144.55,133.70875,19,1001.9974980141624,13.362327645714961,0.33405819114287405,0.03714977516430284,-0.0759944655828434,2023-12-14 16:00:00,2024-01-02 15:00:00,True
2023-12-14 15:00:00,2024-01-04 11:15:00,2024-01-04 16:15:00,1,ALB,1h,long,0.025,149.88574999999997,2023-12-15 09:45:00,0.05,153.54149999999998,,0.07500000000000001,157.19724999999997,,-0.07500000000000001,2024-01-04 11:15:00,135.26275,20d 20h 15m,win,146.23,135.26275,19,1002.3315665953693,13.368195789289826,0.3342048947322457,0.04998905833276345,-0.07652328523558777,2023-12-22 19:00:00,2024-01-04 16:15:00,True
2023-12-12 15:00:00,2024-01-12 09:45:00,2024-01-12 14:45:00,1,CRM,1h,long,0.025,262.0105,2023-12-15 16:00:00,0.05,268.401,2024-01-11 09:45:00,0.07500000000000001,274.7915,2024-01-12 09:45:00,0.0,,255.62,30d 18h 45m,win,255.62,274.7915,17,1001.9974980141624,13.36232764571496,0.334058191142874,0.07675455754635789,-0.022611689226195136,2024-01-12 14:45:00,2024-01-04 15:00:00,True
2023-11-17 15:00:00,2023-12-28 09:45:00,2023-12-28 14:45:00,1,META,1h,long,0.025,343.236625,2023-12-18 10:30:00,0.05,351.60825,2023-12-19 10:00:00,0.07500000000000001,359.979875,2023-12-28 09:45:00,0.0,,334.865,40d 18h 45m,win,334.865,359.979875,15,1001.9980990475306,13.362743248275333,0.3340685812068833,0.0789721230943813,-0.06332402610007012,2023-12-28 14:45:00,2023-12-04 15:00:00,True
2023-11-16 16:00:00,2024-01-22 10:00:00,2024-01-22 15:00:00,1,GOOGL,1h,long,0.025,140.384,2023-12-20 09:45:00,0.05,143.80800000000002,2024-01-11 09:45:00,0.07500000000000001,147.232,2024-01-22 10:00:00,0.0,,136.96,66d 18h 0m,win,136.96,147.232,12,1001.9980990475306,13.362743248275335,0.3340685812068834,0.08319947429906528,-0.06615070093457945,2024-01-22 15:00:00,2023-12-04 15:30:00,True
2023-11-16 16:00:00,2024-01-22 09:45:00,2024-01-22 14:45:00,1,GOOG,1h,long,0.025,142.19824999999997,2023-12-20 10:15:00,0.05,145.66649999999998,2024-01-11 09:45:00,0.07500000000000001,149.13475,2024-01-22 09:45:00,0.0,,138.73,66d 17h 45m,win,138.73,149.13475,11,1001.9980990475306,13.362743248275335,0.3340685812068834,0.08134505874720678,-0.06725293736034012,2024-01-22 14:45:00,2023-12-04 16:15:00,True
2023-12-06 16:00:00,2023-12-26 09:45:00,2023-12-26 14:45:00,1,DVN,1h,short,0.025,42.1785,,0.05,41.096999999999994,,0.07500000000000001,40.0155,,-0.07500000000000001,2023-12-26 09:45:00,46.50449999999999,19d 17h 45m,loss,43.26,46.50449999999999,19,1000.6620741753921,13.338955614011377,-1.0004216710508533,0.00716597318539055,-0.07535829865926966,2023-12-13 18:45:00,2023-12-26 14:45:00,True
2023-12-27 15:00:00,2024-01-03 09:45:00,2024-01-03 14:45:00,1,AMD,1h,long,0.025,149.246355,2023-12-28 10:30:00,0.05,152.88651000000002,,0.07500000000000001,156.526665,,-0.07500000000000001,2024-01-03 09:45:00,134.685735,6d 18h 45m,win,145.6062,134.685735,18,1002.6659462879105,13.3716085062673,0.3342902126566825,0.03738714422874857,-0.07613824136609561,2023-12-29 15:00:00,2024-01-03 14:45:00,True
2023-12-18 15:00:00,2024-01-09 13:15:00,2024-01-09 18:15:00,1,NVDA,1h,long,0.025,514.7139999999999,2024-01-08 10:30:00,0.05,527.268,2024-01-09 11:30:00,0.07500000000000001,539.822,2024-01-09 13:15:00,0.0,,502.16,21d 22h 15m,win,502.16,539.822,19,1002.6647846905188,13.37334922984839,0.33433373074620976,0.07656922096542931,-0.05767086187669276,2024-01-09 18:15:00,2024-01-03 14:45:00,True
2023-11-16 16:00:00,2024-01-24 10:45:00,2024-01-24 15:45:00,1,MSFT,1h,long,0.025,385.60499999999996,2024-01-11 09:45:00,0.05,395.01,2024-01-19 09:45:00,0.07500000000000001,404.41499999999996,2024-01-24 10:45:00,0.0,,376.2,68d 18h 45m,win,376.2,404.41499999999996,13,1001.9980990475306,13.362743248275335,0.3340685812068834,0.07575757575757576,-0.03535353535353539,2024-01-24 15:45:00,2023-12-04 16:00:00,True
2024-01-05 15:00:00,2024-01-12 11:45:00,2024-01-12 16:45:00,1,TSLA,1h,short,0.025,231.157875,2024-01-11 10:00:00,0.05,225.23075,2024-01-12 10:00:00,0.07500000000000001,219.303625,2024-01-12 11:45:00,0.0,,237.085,6d 20h 45m,win,237.085,219.303625,14,1004.6703486809203,13.40307378168337,0.33507684454208425,0.07564797435518908,-0.01756753906826662,2024-01-12 16:45:00,2024-01-08 21:00:00,True
2024-01-09 15:00:00,2024-02-05 09:45:00,2024-02-05 14:45:00,1,LLY,1h,long,0.025,643.38225,2024-01-12 14:15:00,0.05,659.0745000000001,2024-01-31 09:45:00,0.07500000000000001,674.76675,2024-02-05 09:45:00,0.0,,627.69,26d 18h 45m,win,627.69,674.76675,14,1005.3380157449999,13.41209286206265,0.33530232155156625,0.11504086412082384,-0.023881215249565883,2024-02-05 14:45:00,2024-01-18 15:15:00,True
2024-01-11 15:00:00,2024-02-16 11:30:00,2024-02-16 16:30:00,1,DVN,1h,short,0.025,42.397875,2024-01-16 09:45:00,0.05,41.31075,2024-01-17 09:45:00,0.07500000000000001,40.223625,,0.0,2024-02-16 11:30:00,43.485,35d 20h 30m,win,43.485,43.485,15,1005.6720739361427,13.416753402633061,0.33541883506582654,0.06933425319075545,-0.013452914798206298,2024-02-05 15:30:00,2024-01-12 15:00:00,True
2024-01-11 16:00:00,2024-01-18 10:00:00,2024-01-18 15:00:00,1,ALB,1h,short,0.025,125.43375,2024-01-16 09:45:00,0.05,122.2175,2024-01-17 09:45:00,0.07500000000000001,119.00125000000001,2024-01-18 10:00:00,0.0,,128.65,6d 18h 0m,win,128.65,119.00125000000001,16,1005.6720739361427,13.416753402633061,0.33541883506582654,0.07982899339292662,-0.009094442285270015,2024-01-18 15:00:00,2024-01-12 15:00:00,True
2024-01-12 15:00:00,2024-01-25 09:45:00,2024-01-25 14:45:00,1,TSLA,1h,short,0.025,212.2965,2024-01-16 09:45:00,0.05,206.853,2024-01-22 14:30:00,0.07500000000000001,201.4095,2024-01-25 09:45:00,0.0,,217.74,12d 18h 45m,win,217.74,201.4095,15,1006.3412089718277,13.426606347843178,0.3356651586960795,0.14351979425002295,-0.026407642142004223,2024-01-25 14:45:00,2024-01-16 15:30:00,True
2024-01-09 15:00:00,2024-01-17 14:45:00,2024-01-17 19:45:00,1,AMD,1h,long,0.025,153.11429499999997,2024-01-16 10:00:00,0.05,156.84879,2024-01-16 10:30:00,0.07500000000000001,160.583285,2024-01-17 14:45:00,0.0,,149.3798,7d 23h 45m,win,149.3798,160.583285,13,1005.3380157449999,13.41209286206265,0.33530232155156625,0.07537966980809988,-0.03808948733362872,2024-01-17 19:45:00,2024-01-11 16:30:00,True
2024-01-16 15:00:00,2024-01-24 10:00:00,2024-01-24 15:00:00,1,NVDA,1h,long,0.025,576.834125,2024-01-19 09:45:00,0.05,590.90325,2024-01-19 13:45:00,0.07500000000000001,604.9723749999999,2024-01-24 10:00:00,0.0,,562.765,7d 19h 0m,win,562.765,604.9723749999999,17,1006.3412089718277,13.426606347843178,0.3356651586960795,0.08935346014766371,-0.027302692953541905,2024-01-24 15:00:00,2024-01-17 15:15:00,True
2024-01-18 15:00:00,2024-01-23 09:45:00,2024-01-23 14:45:00,1,ALB,1h,short,0.025,114.1335,2024-01-19 10:45:00,0.05,111.207,,0.07500000000000001,108.2805,,-0.07500000000000001,2024-01-23 09:45:00,125.8395,4d 18h 45m,win,117.06,125.8395,15,1007.3452634617785,13.441137742014496,0.33602844355036243,0.04074833418759607,-0.0869639501110541,2024-01-19 18:15:00,2024-01-23 14:45:00,True
2024-01-12 16:00:00,2024-01-29 15:15:00,2024-01-29 20:15:00,1,META,1h,long,0.025,383.85224999999997,2024-01-19 13:45:00,0.05,393.21450000000004,2024-01-24 10:30:00,0.07500000000000001,402.57675,2024-01-29 15:15:00,0.0,,374.49,16d 23h 15m,win,374.49,402.57675,16,1006.3412089718277,13.426606347843178,0.3356651586960795,0.07546262917567889,-0.04240433656439423,2024-01-29 20:15:00,2024-01-17 15:15:00,True
2024-01-18 15:00:00,2024-02-09 10:45:00,2024-02-09 15:45:00,1,CRM,1h,long,0.025,281.014,2024-01-19 14:15:00,0.05,287.86800000000005,2024-01-29 15:45:00,0.07500000000000001,294.72200000000004,2024-02-09 10:45:00,0.0,,274.16,21d 19h 45m,win,274.16,294.72200000000004,16,1007.3452634617785,13.441137742014496,0.33602844355036243,0.07677961774146476,-0.0004012255617158361,2024-02-09 15:45:00,2024-01-18 20:15:00,True
2023-12-27 16:00:00,2024-01-24 09:45:00,2024-01-24 14:45:00,1,NFLX,1h,long,0.025,504.10524999999996,2024-01-24 09:45:00,0.05,516.4005000000001,2024-01-24 09:45:00,0.07500000000000001,528.69575,2024-01-24 09:45:00,0.0,,491.81,27d 17h 45m,win,491.81,528.69575,19,1002.6659462879105,13.3716085062673,0.3342902126566825,0.1366177995567394,-0.060897501067485385,2024-01-24 14:45:00,2024-01-02 20:15:00,True
2024-01-19 16:00:00,2024-01-26 09:45:00,2024-01-26 14:45:00,1,AMD,1h,long,0.025,178.58574999999996,2024-01-24 11:45:00,0.05,182.9415,2024-01-25 10:00:00,0.07500000000000001,187.29725,,0.0,2024-01-26 09:45:00,174.23,6d 17h 45m,win,174.23,174.23,17,1007.3452634617785,13.441137742014497,0.33602844355036243,0.06135567927452217,-0.05785456006428276,2024-01-25 17:00:00,2024-01-22 16:15:00,True
2024-01-25 16:00:00,2024-01-30 10:45:00,2024-01-30 15:45:00,1,TSLA,1h,short,0.025,177.9765,,0.05,173.41299999999998,,0.07500000000000001,168.8495,,-0.07500000000000001,2024-01-30 10:45:00,196.23049999999998,4d 18h 45m,loss,182.54,196.23049999999998,11,1009.6891181789985,13.472062037582385,-1.010404652818679,0.0024104305905554824,-0.0757055987728717,2024-01-26 19:30:00,2024-01-30 15:45:00,True
2024-01-29 16:00:00,2024-02-02 09:45:00,2024-02-02 14:45:00,1,ABNB,1h,long,0.025,156.56875,,0.05,160.38750000000002,,0.07500000000000001,164.20624999999998,,-0.07500000000000001,2024-02-02 09:45:00,141.29375000000002,3d 17h 45m,loss,152.75,141.29375000000002,9,1010.6950204703318,13.484387527611016,-1.0113290645708264,0.0,-0.07535122749590827,,2024-02-02 14:45:00,True
2024-02-01 15:00:00,2024-02-05 10:00:00,2024-02-05 15:00:00,1,NVDA,1h,long,0.025,645.2067499999999,2024-02-02 10:00:00,0.05,660.9435000000001,2024-02-02 12:00:00,0.07500000000000001,676.68025,2024-02-05 10:00:00,0.0,,629.47,3d 19h 0m,win,629.47,676.68025,11,1009.6846158175131,13.468891616355753,0.33672229040889384,0.10405579296868794,-0.0012550240678667406,2024-02-05 15:00:00,2024-02-01 21:00:00,True
2024-02-05 15:00:00,2024-02-14 10:30:00,2024-02-14 15:30:00,1,LLY,1h,long,0.025,726.5303524999999,2024-02-06 09:45:00,0.05,744.2506050000001,2024-02-09 10:30:00,0.07500000000000001,761.9708575,2024-02-14 10:30:00,0.0,,708.8101,8d 19h 30m,win,708.8101,761.9708575,10,1009.3453113649027,13.46335696808913,0.33658392420222827,0.07793328565718789,-0.024985676699584288,2024-02-14 15:30:00,2024-02-06 18:00:00,True
2023-12-22 15:00:00,2024-03-14 09:15:00,2024-03-14 14:15:00,1,UNP,1h,long,0.025,250.2025,2024-02-06 11:30:00,0.05,256.305,2024-02-23 10:00:00,0.07500000000000001,262.40749999999997,,0.0,2024-03-14 09:15:00,244.1,82d 18h 15m,win,244.1,244.1,20,1002.9986193162772,13.378855728554443,0.3344713932138611,0.0596476853748465,-0.039451044653830376,2024-02-26 15:00:00,2024-01-17 14:45:00,True
2024-02-05 15:00:00,2024-02-12 11:45:00,2024-02-12 16:45:00,1,NVDA,1h,long,0.025,708.16225,2024-02-09 10:00:00,0.05,725.4345000000001,2024-02-12 09:45:00,0.07500000000000001,742.7067499999999,2024-02-12 11:45:00,0.0,,690.89,6d 20h 45m,win,690.89,742.7067499999999,11,1009.3453113649027,13.463356968089132,0.3365839242022283,0.07992589268914013,-0.040368220700835136,2024-02-12 16:45:00,2024-02-06 17:30:00,True
2024-01-29 16:00:00,,2024-03-15 20:00:00,1,MSFT,1h,long,0.025,419.96299999999997,2024-02-09 11:30:00,0.05,430.2060000000001,,0.07500000000000001,440.449,,-0.07500000000000001,,378.99100000000004,45d 23h 0m,win,409.72,,10,1010.6950204703318,13.484387527611016,0.0,0.04417651078785503,-0.030533046958898875,2024-03-14 15:15:00,2024-01-31 21:00:00,False
2024-02-07 16:00:00,,2024-03-15 20:00:00,1,AMZN,1h,long,0.025,174.783,2024-02-09 14:45:00,0.05,179.04600000000002,2024-03-04 09:45:00,0.07500000000000001,183.309,,0.0,,170.52,36d 23h 0m,win,170.52,,13,1009.3453113649027,13.463356968089132,0.0,0.05641566971616219,-0.028031902416138874,2024-03-04 16:00:00,2024-02-20 17:45:00,False
2024-02-05 16:00:00,2024-02-12 09:45:00,2024-02-12 14:45:00,1,ALB,1h,short,0.025,106.01175,,0.05,103.2935,,0.07500000000000001,100.57525000000001,,-0.07500000000000001,2024-02-12 09:45:00,116.88475,6d 17h 45m,loss,108.73,116.88475,12,1009.3453113649027,13.463356968089132,-1.009751772606685,0.0,-0.08907385266255866,,2024-02-12 14:45:00,True
2024-02-08 15:00:00,2024-02-20 09:45:00,2024-02-20 14:45:00,1,ABNB,1h,long,0.025,153.914,2024-02-12 11:30:00,0.05,157.668,2024-02-15 14:15:00,0.07500000000000001,161.422,,0.0,2024-02-20 09:45:00,150.16,11d 18h 45m,win,150.16,150.16,15,1009.3453113649027,13.463356968089133,0.3365839242022284,0.054009057005860506,-0.05054608417687802,2024-02-15 20:45:00,2024-02-14 15:15:00,True
2023-12-22 15:00:00,2024-02-15 09:45:00,2024-02-15 14:45:00,1,DE,1h,long,0.025,407.1402499999999,,0.05,417.0705,,0.07500000000000001,427.00075,,-0.07500000000000001,2024-02-15 09:45:00,367.41925,54d 18h 45m,loss,397.21,367.41925,19,1002.9986193162772,13.378855728554443,-1.0034141796415834,0.02358953702071953,-0.07829611540494943,2024-01-02 15:15:00,2024-02-15 14:45:00,True
2024-02-07 16:00:00,2024-03-07 09:45:00,2024-03-07 14:45:00,1,META,1h,long,0.025,481.32974999999993,2024-02-15 11:00:00,0.05,493.0695,2024-02-23 09:45:00,0.07500000000000001,504.80924999999996,2024-03-07 09:45:00,0.0,,469.59,28d 17h 45m,win,469.59,504.80924999999996,14,1009.3453113649027,13.463356968089133,0.3365839242022284,0.07732277092783067,-0.030877999957409658,2024-03-07 14:45:00,2024-02-13 14:45:00,True
2024-02-02 15:00:00,2024-02-26 09:45:00,2024-02-26 14:45:00,1,WMT,1h,long,0.025,174.54724999999996,2024-02-20 09:45:00,0.05,178.8045,2024-02-20 09:45:00,0.07500000000000001,183.06175,,0.0,2024-02-26 09:45:00,170.29,23d 18h 45m,win,170.29,170.29,11,1008.6732867529422,13.453571106304745,0.3363392776576186,0.06494802983146399,-0.6544717834282694,2024-02-20 14:45:00,2024-02-26 14:45:00,True
2024-02-14 15:00:00,2024-02-20 10:15:00,2024-02-20 15:15:00,1,AMD,1h,long,0.025,182.41719999999998,,0.05,186.8664,,0.07500000000000001,191.3156,,-0.07500000000000001,2024-02-20 10:15:00,164.6204,5d 19h 15m,loss,177.968,164.6204,11,1009.6779860281742,13.466069340797398,-1.009955200559805,0.013272610806437102,-0.07798031106715807,2024-02-16 14:45:00,2024-02-20 15:15:00,True
2024-02-27 16:00:00,2024-02-29 09:45:00,2024-02-29 14:45:00,1,ALB,1h,long,0.025,131.774,2024-02-28 09:45:00,0.05,134.988,2024-02-29 09:45:00,0.07500000000000001,138.202,2024-02-29 09:45:00,0.0,,128.56,1d 17h 45m,win,128.56,138.202,12,1008.6729586848986,13.449539433099511,0.33623848582748783,0.08214063472308651,0.0,2024-02-29 14:45:00,,True
2024-01-10 16:00:00,2024-02-28 10:00:00,2024-02-28 15:00:00,1,OXY,1h,short,0.025,55.379999999999995,,0.05,53.959999999999994,,0.07500000000000001,52.54,,-0.07500000000000001,2024-02-28 10:00:00,61.059999999999995,48d 18h 0m,loss,56.8,61.059999999999995,15,1005.3380157449999,13.41209286206265,-1.005906964654699,0.022359154929577397,-0.0752992957746479,2024-01-18 16:15:00,2024-02-28 15:00:00,True
2024-02-15 16:00:00,2024-03-05 14:15:00,2024-03-05 19:15:00,1,NFLX,1h,long,0.025,608.59375,2024-03-01 10:15:00,0.05,623.4375,2024-03-04 10:30:00,0.07500000000000001,638.28125,,0.0,2024-03-05 14:15:00,593.75,18d 22h 15m,win,593.75,593.75,11,1008.6745718485327,13.449290451691482,0.33623226129228706,0.05165473684210519,-0.04451368421052623,2024-03-04 15:30:00,2024-02-21 15:00:00,True
2024-02-29 16:00:00,2024-03-05 09:45:00,2024-03-05 14:45:00,1,ALB,1h,long,0.025,141.22449999999998,2024-03-01 10:30:00,0.05,144.669,,0.07500000000000001,148.1135,,-0.07500000000000001,2024-03-05 09:45:00,127.4465,4d 17h 45m,win,137.78,127.4465,11,1008.0032902060714,13.438660740024678,0.335966518500617,0.039265495717810975,-0.1548845986355059,2024-03-01 21:00:00,2024-03-05 14:45:00,True
2024-02-23 15:00:00,2024-03-04 12:30:00,2024-03-04 17:30:00,1,NVDA,1h,long,0.025,818.8314999999999,2024-03-01 11:30:00,0.05,838.803,2024-03-04 09:45:00,0.07500000000000001,858.7745,2024-03-04 12:30:00,0.0,,798.86,9d 21h 30m,win,798.86,858.7745,11,1008.336619407241,13.44422113699228,0.336105528424807,0.07751045239466234,-0.03456175049445461,2024-03-04 17:30:00,2024-02-28 15:45:00,True
2024-02-22 15:00:00,,2024-03-15 20:00:00,1,LLY,1h,long,0.025,789.1782499999999,2024-03-04 09:45:00,0.05,808.4265,,0.07500000000000001,827.6747499999999,,-0.07500000000000001,,712.18525,22d 0h 0m,win,769.93,,10,1008.336619407241,13.44422113699228,0.0,0.040068577662904455,-0.054953047679659126,2024-03-04 14:45:00,2024-03-11 15:45:00,False
2024-03-04 15:00:00,2024-03-08 10:30:00,2024-03-08 15:30:00,1,AMD,1h,long,0.025,213.8558975,2024-03-06 09:45:00,0.05,219.071895,2024-03-08 10:00:00,0.07500000000000001,224.2878925,2024-03-08 10:30:00,0.0,,208.6399,3d 19h 30m,win,208.6399,224.2878925,14,1008.3393957344962,13.444171480756813,0.33610428701892037,0.08589009101327211,-0.0423691729146726,2024-03-08 15:30:00,2024-03-05 15:45:00,True
2024-01-30 15:00:00,2024-03-15 08:45:00,2024-03-15 13:45:00,1,XOM,1h,long,0.025,106.99974999999999,2024-03-06 11:00:00,0.05,109.60950000000001,2024-03-13 08:45:00,0.07500000000000001,112.21925,2024-03-15 08:45:00,0.0,,104.39,44d 17h 45m,win,104.39,112.21925,10,1009.6846158175131,13.468891616355755,0.3367222904088939,0.07529456844525337,-0.038030462687996924,2024-03-15 13:45:00,2024-02-14 20:45:00,True
2024-03-04 16:00:00,,2024-03-15 20:00:00,1,UNH,1h,short,0.025,469.74525,2024-03-06 13:00:00,0.05,457.7005,,0.07500000000000001,445.65575000000007,,-0.07500000000000001,,517.92425,10d 23h 0m,win,481.79,,17,1008.3393957344962,13.444171480756811,0.0,0.028228066169908098,-0.029494177961352414,2024-03-06 18:15:00,2024-03-13 14:30:00,False
2024-03-06 16:00:00,2024-03-08 09:45:00,2024-03-08 14:45:00,1,NVDA,1h,long,0.025,909.631125,2024-03-07 10:15:00,0.05,931.8172500000001,2024-03-08 09:45:00,0.07500000000000001,954.003375,2024-03-08 09:45:00,0.0,,887.445,1d 17h 45m,win,887.445,954.003375,16,1009.0115945142891,13.455368264256736,0.33638420660641843,0.08054008980838241,0.0,2024-03-08 14:45:00,,True
2024-03-13 15:00:00,,2024-03-15 20:00:00,1,TSLA,1h,short,0.025,165.2625,2024-03-14 09:00:00,0.05,161.025,2024-03-14 14:15:00,0.07500000000000001,156.7875,,0.0,,169.5,2d 0h 0m,win,169.5,,16,1010.0206669321167,13.471763698044048,0.0,0.05303834808259592,-0.009852507374631194,2024-03-14 19:15:00,2024-03-14 13:45:00,False
2024-03-04 16:00:00,2024-03-14 11:15:00,2024-03-14 16:15:00,1,GOOG,1h,short,0.025,130.80599999999998,,0.05,127.45199999999998,,0.07500000000000001,124.098,,-0.07500000000000001,2024-03-14 11:15:00,144.22199999999998,9d 19h 15m,loss,134.16,144.22199999999998,15,1008.3393957344962,13.444171480756811,-1.0083128610567609,0.01811270125223619,-0.07524597495527728,2024-03-05 16:15:00,2024-03-14 16:15:00,True
2024-03-04 16:00:00,2024-03-14 14:00:00,2024-03-14 19:00:00,1,GOOGL,1h,short,0.025,130.0065,,0.05,126.673,,0.07500000000000001,123.33950000000002,,-0.07500000000000001,2024-03-14 14:00:00,143.3405,9d 22h 0m,loss,133.34,143.3405,16,1008.3393957344962,13.444171480756811,-1.0083128610567609,0.020061496925153827,-0.07683365831708418,2024-03-05 16:00:00,2024-03-14 19:00:00,True
